{
  "mean_iou": 0.8776029179254181,
  "mean_precision": 0.9338309351948514,
  "mean_recall": 0.9199293058635216,
  "per_class": {
    "0": {
      "iou_bg": 0.9546986229812042,
      "precision_bg": 0.9671962004673632,
      "recall_bg": 0.985170027877711
    },
    "1": {
      "iou_tree": 0.8005072128696319,
      "precision_tree": 0.9004656699223396,
      "recall_tree": 0.8546885838493322
    }
  }
}